[
  {
    "pic":"https://cms-bucket.nosdn.127.net/2018/08/14/17f149ea2cc446edab769780583e8c85.jpeg",
    "title":"学习力=竞争力，60天引爆你的学习力"
  },
  {
    "pic":"https://cms-bucket.nosdn.127.net/2018/08/14/538fb2c2397447d8890fbe64ffc92d41.jpeg",
    "title":"拍照不好你怪手机？手残党别怕你还有救"
  },
  {
    "pic":"https://cms-bucket.nosdn.127.net/2018/08/14/b3f9ec5cc3804952952fc50d56746a6c.jpeg",
    "title":"央视主播示范声音法则，一开口hold情场职场"
  },
  {
    "pic":"https://cms-bucket.nosdn.127.net/2018/08/14/9b1baa47f4bc4076b6a16452cb957be0.jpeg?imageView&thumbnail=600y250",
    "title":"月光族的你月月拮据，学会理财开启多份收入"
  }
]